time,flow
0,0
0.5,0.18
1,0.37
1.5,0.55
2,0.74
2.5,0.92
3,1.1
3.5,1.29
4,1.47
4.5,1.65
5,1.84
5.5,2.02
6,2.21
6.5,2.39
7,2.57
7.5,2.76
8,2.94
8.5,3.13
9,3.31
9.5,3.49
10,3.68
10.5,3.75
11,3.75
11.5,3.75
12,3.75
12.5,3.75
13,3.75
13.5,3.75
14,3.75
14.5,3.75
15,3.75
15.5,3.75
16,3.75
16.5,3.75
17,3.75
17.5,3.75
18,3.75
18.5,3.75
19,3.75
19.5,3.75
20,3.75
20.5,3.75
21,3.75
21.5,3.75
22,3.75
22.5,3.75
23,3.75
23.5,3.75
24,3.75
24.5,3.75
25,3.75
25.5,3.75
26,3.75
26.5,3.75
27,3.75
27.5,3.75
28,3.75
28.5,3.75
29,3.75
29.5,3.75
30,3.75
30.5,3.75
31,3.75
31.5,3.75
32,3.75
32.5,3.75
33,3.75
33.5,3.75
34,3.75
34.5,3.75
35,3.75
35.5,3.75
36,3.75
36.5,3.75
37,3.75
37.5,3.75
38,3.75
38.5,3.75
39,3.75
39.5,3.75
40,3.75
40.5,3.75
41,3.75
41.5,3.75
42,3.75
42.5,3.75
43,3.75
43.5,3.75
44,3.75
44.5,3.75
45,3.75
45.5,3.75
46,3.75
46.5,3.75
47,3.75
47.5,3.75
48,3.75
48.5,3.75
49,3.75
49.5,3.75
50,3.75
50.5,3.75
51,3.75
51.5,3.75
52,3.75
52.5,3.75
53,3.75
53.5,3.75
54,3.75
54.5,3.75
55,3.75
55.5,3.75
56,3.75
56.5,3.75
57,3.75
57.5,3.75
58,3.75
58.5,3.75
59,3.75
59.5,3.75
60,3.75
60.5,3.73
61,3.71
61.5,3.69
62,3.67
62.5,3.64
63,3.62
63.5,3.6
64,3.58
64.5,3.56
65,3.54
65.5,3.52
66,3.5
66.5,3.48
67,3.46
67.5,3.43
68,3.41
68.5,3.39
69,3.37
69.5,3.35
70,3.33
70.5,3.31
71,3.29
71.5,3.27
72,3.25
72.5,3.22
73,3.2
73.5,3.18
74,3.16
74.5,3.14
75,3.12
75.5,3.1
76,3.08
76.5,3.06
77,3.04
77.5,3.01
78,2.99
78.5,2.97
79,2.95
79.5,2.93
80,2.91
80.5,2.89
81,2.87
81.5,2.85
82,2.83
82.5,2.8
83,2.78
83.5,2.76
84,2.74
84.5,2.72
85,2.7
85.5,2.68
86,2.66
86.5,2.64
87,2.61
87.5,2.59
88,2.57
88.5,2.55
89,2.53
89.5,2.51
90,2.49
90.5,2.47
91,2.45
91.5,2.43
92,2.4
92.5,2.38
93,2.36
93.5,2.34
94,2.32
94.5,2.3
95,2.28
95.5,2.26
96,2.24
96.5,2.22
97,2.19
97.5,2.17
98,2.15
98.5,2.13
99,2.11
99.5,2.09
100,2.07
100.5,2.05
101,2.04
101.5,2.03
102,2.02
102.5,2.01
103,2
103.5,1.99
104,1.98
104.5,1.97
105,1.96
105.5,1.95
106,1.94
106.5,1.93
107,1.92
107.5,1.91
108,1.9
108.5,1.89
109,1.88
109.5,1.87
110,1.86
110.5,1.85
111,1.84
111.5,1.83
112,1.82
112.5,1.81
113,1.8
113.5,1.79
114,1.78
114.5,1.77
115,1.76
115.5,1.75
116,1.74
116.5,1.73
117,1.72
117.5,1.7
118,1.69
118.5,1.68
119,1.67
119.5,1.66
120,1.65
120.5,1.64
121,1.63
121.5,1.62
122,1.61
122.5,1.6
123,1.59
123.5,1.58
124,1.57
124.5,1.56
125,1.55
125.5,1.54
126,1.53
126.5,1.52
127,1.51
127.5,1.5
128,1.49
128.5,1.48
129,1.47
129.5,1.46
130,1.45
130.5,1.44
131,1.43
131.5,1.42
132,1.41
132.5,1.4
133,1.39
133.5,1.38
134,1.37
134.5,1.36
135,1.35
135.5,1.34
136,1.32
136.5,1.31
137,1.3
137.5,1.29
138,1.28
138.5,1.27
139,1.26
139.5,1.25
140,1.24
140.5,1.23
141,1.22
141.5,1.21
142,1.21
142.5,1.2
143,1.2
143.5,1.19
144,1.19
144.5,1.19
145,1.18
145.5,1.18
146,1.17
146.5,1.17
147,1.17
147.5,1.16
148,1.16
148.5,1.15
149,1.15
149.5,1.14
150,1.14
150.5,1.14
151,1.14
151.5,1.14
152,1.14
152.5,1.14
153,1.14
153.5,1.14
154,1.14
154.5,1.14
155,1.14
155.5,1.14
156,1.14
156.5,1.14
157,1.14
157.5,1.14
158,1.14
158.5,1.14
159,1.14
159.5,1.14
160,1.14
160.5,1.14
161,1.14
161.5,1.14
162,1.14
162.5,1.14
163,1.14
163.5,1.14
164,1.14
164.5,1.14
165,1.14
165.5,1.14
166,1.14
166.5,1.14
167,1.14
167.5,1.14
168,1.14
168.5,1.14
169,1.14
169.5,1.14
170,1.14
170.5,1.14
171,1.14
171.5,1.14
172,1.14
172.5,1.14
173,1.14
173.5,1.14
174,1.14
174.5,1.14
175,1.14
175.5,1.14
176,1.14
176.5,1.14
177,1.14
177.5,1.14
178,1.14
178.5,1.14
179,1.14
179.5,1.14
180,1.14
180.5,1.14
181,1.14
181.5,1.14
182,1.14
182.5,1.14
183,1.14
183.5,1.14
184,1.14
184.5,1.14
185,1.14
185.5,1.14
186,1.14
186.5,1.14
187,1.14
187.5,1.14
188,1.14
188.5,1.14
189,1.14
189.5,1.14
190,1.14
190.5,1.14
191,1.14
191.5,1.14
192,1.14
192.5,1.14
193,1.14
193.5,1.14
194,1.14
194.5,1.14
195,1.14
195.5,1.14
196,1.14
196.5,1.14
197,1.14
197.5,1.14
198,1.14
198.5,1.14
199,1.14
199.5,1.14
200,1.14
200.5,1.14
201,1.14
201.5,1.14
202,1.14
202.5,1.14
203,1.14
203.5,1.14
204,1.14
204.5,1.14
205,1.14
205.5,1.14
206,1.14
206.5,1.14
207,1.14
207.5,1.14
208,1.14
208.5,1.14
209,1.14
209.5,1.14
210,1.14
210.5,1.14
211,1.14
211.5,1.14
212,1.14
212.5,1.14
213,1.14
213.5,1.14
214,1.14
214.5,1.14
215,1.14
215.5,1.14
216,1.14
216.5,1.14
217,1.14
217.5,1.14
218,1.14
218.5,1.14
219,1.14
219.5,1.14
220,1.14
220.5,1.14
221,1.14
221.5,1.14
222,1.14
222.5,1.14
223,1.14
223.5,1.14
224,1.14
224.5,1.14
225,1.14
225.5,1.14
226,1.14
226.5,1.14
227,1.14
227.5,1.14
228,1.14
228.5,1.14
229,1.14
229.5,1.14
230,1.14
230.5,1.14
231,1.14
231.5,1.14
232,1.14
232.5,1.14
233,1.14
233.5,1.14
234,1.14
234.5,1.14
235,1.14
235.5,1.14
236,1.14
236.5,1.14
237,1.14
237.5,1.14
238,1.14
238.5,1.14
239,1.14
239.5,1.14
240,1.14
240.5,1.14
241,1.14
241.5,1.14
242,1.14
242.5,1.14
243,1.14
243.5,1.14
244,1.14
244.5,1.14
245,1.14
245.5,1.14
246,1.14
246.5,1.14
247,1.14
247.5,1.14
248,1.14
248.5,1.14
249,1.14
249.5,1.14
250,1.14
250.5,1.14
251,1.14
251.5,1.14
252,1.14
252.5,1.14
253,1.14
253.5,1.14
254,1.14
254.5,1.14
255,1.14
255.5,1.14
256,1.14
256.5,1.14
257,1.14
257.5,1.14
258,1.14
258.5,1.14
259,1.14
259.5,1.14
260,1.14
260.5,1.14
261,1.14
261.5,1.14
262,1.14
262.5,1.14
263,1.14
263.5,1.14
264,1.14
264.5,1.14
265,1.14
265.5,1.14
266,1.14
266.5,1.14
267,1.14
267.5,1.14
268,1.14
268.5,1.14
269,1.14
269.5,1.14
270,1.14
270.5,1.14
271,1.14
271.5,1.14
272,1.14
272.5,1.14
273,1.14
273.5,1.14
274,1.14
274.5,1.14
275,1.14
275.5,1.14
276,1.14
276.5,1.14
277,1.14
277.5,1.14
278,1.14
278.5,1.14
279,1.14
279.5,1.14
280,1.14
280.5,1.14
281,1.14
281.5,1.14
282,1.14
282.5,1.14
283,1.14
283.5,1.14
284,1.14
284.5,1.14
285,1.14
285.5,1.14
286,1.14
286.5,1.14
287,1.14
287.5,1.14
288,1.14
288.5,1.14
289,1.14
289.5,1.14
290,1.14
290.5,1.14
291,1.14
291.5,1.14
292,1.14
292.5,1.14
293,1.14
293.5,1.14
294,1.14
294.5,1.14
295,1.14
295.5,1.14
296,1.14
296.5,1.14
297,1.14
297.5,1.14
298,1.14
298.5,1.14
299,1.14
299.5,1.14
300,1.14
300.5,1.14
301,1.14
301.5,1.14
302,1.14
302.5,1.14
303,1.14
303.5,1.14
304,1.14
304.5,1.14
305,1.14
305.5,1.14
306,1.14
306.5,1.14
307,1.14
307.5,1.14
308,1.14
308.5,1.14
309,1.14
309.5,1.14
310,1.14
310.5,1.14
311,1.14
311.5,1.14
312,1.14
312.5,1.14
313,1.14
313.5,1.14
314,1.14
314.5,1.14
315,1.14
315.5,1.14
316,1.14
316.5,1.14
317,1.14
317.5,1.14
318,1.14
318.5,1.14
319,1.14
319.5,1.14
320,1.14
320.5,1.14
321,1.14
321.5,1.14
322,1.14
322.5,1.14
323,1.14
323.5,1.14
324,1.14
324.5,1.14
325,1.14
325.5,1.14
326,1.14
326.5,1.14
327,1.14
327.5,1.14
328,1.14
328.5,1.14
329,1.14
329.5,1.14
330,1.14
330.5,1.14
331,1.14
331.5,1.14
332,1.14
332.5,1.14
333,1.14
333.5,1.14
334,1.14
334.5,1.14
335,1.14
335.5,1.14
336,1.14
336.5,1.14
337,1.14
337.5,1.14
338,1.14
338.5,1.14
339,1.14
339.5,1.14
340,1.14
340.5,1.14
341,1.14
341.5,1.14
342,1.14
342.5,1.14
343,1.14
343.5,1.14
344,1.14
344.5,1.14
345,1.14
345.5,1.14
346,1.14
346.5,1.14
347,1.14
347.5,1.14
348,1.14
348.5,1.14
349,1.14
349.5,1.14
350,1.14
350.5,1.14
351,1.14
351.5,1.14
352,1.14
352.5,1.14
353,1.14
353.5,1.14
354,1.14
354.5,1.14
355,1.14
355.5,1.14
356,1.14
356.5,1.14
357,1.14
357.5,1.14
358,1.14
358.5,1.14
359,1.14
359.5,1.14
360,1.14
360.5,1.14
361,1.14
361.5,1.13
362,1.13
362.5,1.13
363,1.13
363.5,1.12
364,1.12
364.5,1.12
365,1.12
365.5,1.11
366,1.11
366.5,1.11
367,1.11
367.5,1.1
368,1.1
368.5,1.1
369,1.1
369.5,1.09
370,1.09
370.5,1.09
371,1.09
371.5,1.08
372,1.08
372.5,1.08
373,1.08
373.5,1.07
374,1.07
374.5,1.07
375,1.07
375.5,1.07
376,1.06
376.5,1.06
377,1.06
377.5,1.06
378,1.05
378.5,1.05
379,1.05
379.5,1.05
380,1.04
380.5,1.04
381,1.04
381.5,1.04
382,1.03
382.5,1.03
383,1.03
383.5,1.03
384,1.02
384.5,1.02
385,1.02
385.5,1.02
386,1.01
386.5,1.01
387,1.01
387.5,1.01
388,1
388.5,1
389,1
389.5,1
390,1
390.5,0.99
391,0.99
391.5,0.99
392,0.99
392.5,0.98
393,0.98
393.5,0.98
394,0.98
394.5,0.97
395,0.97
395.5,0.97
396,0.97
396.5,0.96
397,0.96
397.5,0.96
398,0.96
398.5,0.95
399,0.95
399.5,0.95
400,0.95
400.5,0.94
401,0.94
401.5,0.94
402,0.94
402.5,0.93
403,0.93
403.5,0.93
404,0.93
404.5,0.92
405,0.92
405.5,0.92
406,0.92
406.5,0.92
407,0.91
407.5,0.91
408,0.91
408.5,0.91
409,0.9
409.5,0.9
410,0.9
410.5,0.9
411,0.89
411.5,0.89
412,0.89
412.5,0.89
413,0.88
413.5,0.88
414,0.88
414.5,0.88
415,0.87
415.5,0.87
416,0.87
416.5,0.87
417,0.86
417.5,0.86
418,0.86
418.5,0.86
419,0.85
419.5,0.85
420,0.85
420.5,0.85
421,0.85
421.5,0.85
422,0.85
422.5,0.85
423,0.85
423.5,0.85
424,0.85
424.5,0.85
425,0.85
425.5,0.85
426,0.85
426.5,0.85
427,0.85
427.5,0.85
428,0.85
428.5,0.85
429,0.85
429.5,0.85
430,0.85
430.5,0.85
431,0.85
431.5,0.85
432,0.85
432.5,0.85
433,0.85
433.5,0.85
434,0.85
434.5,0.85
435,0.85
435.5,0.85
436,0.85
436.5,0.85
437,0.85
437.5,0.85
438,0.85
438.5,0.85
439,0.85
439.5,0.85
440,0.85
440.5,0.85
441,0.85
441.5,0.85
442,0.85
442.5,0.85
443,0.85
443.5,0.85
444,0.85
444.5,0.85
445,0.85
445.5,0.85
446,0.85
446.5,0.85
447,0.85
447.5,0.85
448,0.85
448.5,0.85
449,0.85
449.5,0.85
450,0.85
450.5,0.85
451,0.85
451.5,0.85
452,0.85
452.5,0.85
453,0.85
453.5,0.85
454,0.85
454.5,0.85
455,0.85
455.5,0.85
456,0.85
456.5,0.85
457,0.85
457.5,0.85
458,0.85
458.5,0.85
459,0.85
459.5,0.85
460,0.85
460.5,0.85
461,0.85
461.5,0.85
462,0.85
462.5,0.85
463,0.85
463.5,0.85
464,0.85
464.5,0.85
465,0.85
465.5,0.85
466,0.85
466.5,0.85
467,0.85
467.5,0.85
468,0.85
468.5,0.85
469,0.85
469.5,0.85
470,0.85
470.5,0.85
471,0.85
471.5,0.85
472,0.85
472.5,0.85
473,0.85
473.5,0.85
474,0.85
474.5,0.85
475,0.85
475.5,0.85
476,0.85
476.5,0.85
477,0.85
477.5,0.85
478,0.85
478.5,0.85
479,0.85
479.5,0.85
480,0.85
480.5,0.85
481,0.85
481.5,0.85
482,0.85
482.5,0.85
483,0.85
483.5,0.85
484,0.85
484.5,0.85
485,0.85
485.5,0.85
486,0.85
486.5,0.85
487,0.85
487.5,0.85
488,0.85
488.5,0.85
489,0.85
489.5,0.85
490,0.85
490.5,0.85
491,0.85
491.5,0.85
492,0.85
492.5,0.85
493,0.85
493.5,0.85
494,0.85
494.5,0.85
495,0.85
495.5,0.85
496,0.85
496.5,0.85
497,0.85
497.5,0.85
498,0.85
498.5,0.85
499,0.85
499.5,0.85
500,0.85
500.5,0.85
501,0.85
501.5,0.85
502,0.85
502.5,0.85
503,0.85
503.5,0.85
504,0.85
504.5,0.85
505,0.85
505.5,0.85
506,0.85
506.5,0.85
507,0.85
507.5,0.85
508,0.85
508.5,0.85
509,0.85
509.5,0.85
510,0.85
510.5,0.85
511,0.85
511.5,0.85
512,0.85
512.5,0.85
513,0.85
513.5,0.85
514,0.85
514.5,0.85
515,0.85
515.5,0.85
516,0.85
516.5,0.85
517,0.85
517.5,0.85
518,0.85
518.5,0.85
519,0.85
519.5,0.85
520,0.85
520.5,0.85
521,0.85
521.5,0.85
522,0.85
522.5,0.85
523,0.85
523.5,0.85
524,0.85
524.5,0.85
525,0.85
525.5,0.85
526,0.85
526.5,0.85
527,0.85
527.5,0.85
528,0.85
528.5,0.85
529,0.85
529.5,0.85
530,0.85
530.5,0.85
531,0.85
531.5,0.85
532,0.85
532.5,0.85
533,0.85
533.5,0.85
534,0.85
534.5,0.85
535,0.85
535.5,0.85
536,0.85
536.5,0.85
537,0.85
537.5,0.85
538,0.85
538.5,0.85
539,0.85
539.5,0.85
540,0.85
540.5,0.85
541,0.85
541.5,0.85
542,0.85
542.5,0.85
543,0.85
543.5,0.85
544,0.85
544.5,0.85
545,0.85
545.5,0.85
546,0.85
546.5,0.85
547,0.85
547.5,0.85
548,0.85
548.5,0.85
549,0.85
549.5,0.85
550,0.85
550.5,0.85
551,0.85
551.5,0.85
552,0.85
552.5,0.85
553,0.85
553.5,0.85
554,0.85
554.5,0.85
555,0.85
555.5,0.85
556,0.85
556.5,0.85
557,0.85
557.5,0.85
558,0.85
558.5,0.85
559,0.85
559.5,0.85
560,0.85
560.5,0.85
561,0.85
561.5,0.85
562,0.85
562.5,0.85
563,0.85
563.5,0.85
564,0.85
564.5,0.85
565,0.85
565.5,0.85
566,0.85
566.5,0.85
567,0.85
567.5,0.85
568,0.85
568.5,0.85
569,0.85
569.5,0.85
570,0.85
570.5,0.85
571,0.85
571.5,0.85
572,0.85
572.5,0.85
573,0.85
573.5,0.85
574,0.85
574.5,0.85
575,0.85
575.5,0.85
576,0.85
576.5,0.85
577,0.85
577.5,0.85
578,0.85
578.5,0.85
579,0.85
579.5,0.85
580,0.85
580.5,0.85
581,0.85
581.5,0.85
582,0.85
582.5,0.85
583,0.85
583.5,0.85
584,0.85
584.5,0.85
585,0.85
585.5,0.85
586,0.85
586.5,0.85
587,0.85
587.5,0.85
588,0.85
588.5,0.85
589,0.85
589.5,0.85
590,0.85
590.5,0.85
591,0.85
591.5,0.85
592,0.85
592.5,0.85
593,0.85
593.5,0.85
594,0.85
594.5,0.85
595,0.85
595.5,0.85
596,0.85
596.5,0.85
597,0.85
597.5,0.85
598,0.85
598.5,0.85
599,0.85
599.5,0.85
600,0.85
600.5,0.85
601,0.85
601.5,0.85
602,0.85
602.5,0.85
603,0.85
603.5,0.85
604,0.85
604.5,0.85
605,0.85
605.5,0.85
606,0.85
606.5,0.85
607,0.85
607.5,0.85
608,0.85
608.5,0.85
609,0.85
609.5,0.85
610,0.85
610.5,0.85
611,0.85
611.5,0.85
612,0.85
612.5,0.85
613,0.85
613.5,0.85
614,0.85
614.5,0.85
615,0.85
615.5,0.85
616,0.85
616.5,0.85
617,0.85
617.5,0.85
618,0.85
618.5,0.85
619,0.85
619.5,0.85
620,0.85
620.5,0.85
621,0.85
621.5,0.85
622,0.85
622.5,0.85
623,0.85
623.5,0.85
624,0.85
624.5,0.85
625,0.85
625.5,0.85
626,0.85
626.5,0.85
627,0.85
627.5,0.85
628,0.85
628.5,0.85
629,0.85
629.5,0.85
630,0.85
630.5,0.85
631,0.85
631.5,0.85
632,0.85
632.5,0.85
633,0.85
633.5,0.85
634,0.85
634.5,0.85
635,0.85
635.5,0.85
636,0.85
636.5,0.85
637,0.85
637.5,0.85
638,0.85
638.5,0.85
639,0.85
639.5,0.85
640,0.85
640.5,0.85
641,0.85
641.5,0.85
642,0.85
642.5,0.85
643,0.85
643.5,0.85
644,0.85
644.5,0.85
645,0.85
645.5,0.85
646,0.85
646.5,0.85
647,0.85
647.5,0.85
648,0.85
648.5,0.85
649,0.85
649.5,0.85
650,0.85
650.5,0.85
651,0.85
651.5,0.85
652,0.85
652.5,0.85
653,0.85
653.5,0.85
654,0.85
654.5,0.85
655,0.85
655.5,0.85
656,0.85
656.5,0.85
657,0.85
657.5,0.85
658,0.85
658.5,0.85
659,0.85
659.5,0.85
660,0.85
660.5,0.85
661,0.85
661.5,0.85
662,0.85
662.5,0.85
663,0.85
663.5,0.85
664,0.85
664.5,0.85
665,0.85
665.5,0.85
666,0.85
666.5,0.85
667,0.85
667.5,0.85
668,0.85
668.5,0.85
669,0.85
669.5,0.85
670,0.85
670.5,0.85
671,0.85
671.5,0.85
672,0.85
672.5,0.85
673,0.85
673.5,0.85
674,0.85
674.5,0.85
675,0.85
675.5,0.85
676,0.85
676.5,0.85
677,0.85
677.5,0.85
678,0.85
678.5,0.85
679,0.85
679.5,0.85
680,0.85
680.5,0.85
681,0.85
681.5,0.85
682,0.85
682.5,0.85
683,0.85
683.5,0.85
684,0.85
684.5,0.85
685,0.85
685.5,0.85
686,0.85
686.5,0.85
687,0.85
687.5,0.85
688,0.85
688.5,0.85
689,0.85
689.5,0.85
690,0.85
690.5,0.85
691,0.85
691.5,0.85
692,0.85
692.5,0.85
693,0.85
693.5,0.85
694,0.85
694.5,0.85
695,0.85
695.5,0.85
696,0.85
696.5,0.85
697,0.85
697.5,0.85
698,0.85
698.5,0.85
699,0.85
699.5,0.85
700,0.85
700.5,0.85
701,0.85
701.5,0.85
702,0.85
702.5,0.85
703,0.85
703.5,0.85
704,0.85
704.5,0.85
705,0.85
705.5,0.85
706,0.85
706.5,0.85
707,0.85
707.5,0.85
708,0.85
708.5,0.85
709,0.85
709.5,0.85
710,0.85
710.5,0.85
711,0.85
711.5,0.85
712,0.85
712.5,0.85
713,0.85
713.5,0.85
714,0.85
714.5,0.85
715,0.85
715.5,0.85
716,0.85
716.5,0.85
717,0.85
717.5,0.85
718,0.85
718.5,0.85
719,0.85
719.5,0.85
720,0.85
720.5,0.85
721,0.85
721.5,0.85
722,0.85
722.5,0.85
723,0.85
723.5,0.85
724,0.85
724.5,0.85
725,0.85
725.5,0.85
726,0.85
726.5,0.85
727,0.85
727.5,0.85
728,0.85
728.5,0.85
729,0.85
729.5,0.85
730,0.85
730.5,0.85
731,0.85
731.5,0.85
732,0.85
732.5,0.85
733,0.85
733.5,0.85
734,0.85
734.5,0.85
735,0.85
735.5,0.85
736,0.85
736.5,0.85
737,0.85
737.5,0.85
738,0.85
738.5,0.85
739,0.85
739.5,0.85
740,0.85
740.5,0.85
741,0.85
741.5,0.85
742,0.85
742.5,0.85
743,0.85
743.5,0.85
744,0.85
744.5,0.85
745,0.85
745.5,0.85
746,0.85
746.5,0.85
747,0.85
747.5,0.85
748,0.85
748.5,0.85
749,0.85
749.5,0.85
750,0.85
750.5,0.85
751,0.85
751.5,0.85
752,0.85
752.5,0.85
753,0.85
753.5,0.85
754,0.85
754.5,0.85
755,0.85
755.5,0.85
756,0.85
756.5,0.85
757,0.85
757.5,0.85
758,0.85
758.5,0.85
759,0.85
759.5,0.85
760,0.85
760.5,0.85
761,0.85
761.5,0.85
762,0.85
762.5,0.85
763,0.85
763.5,0.85
764,0.85
764.5,0.85
765,0.85
765.5,0.85
766,0.85
766.5,0.85
767,0.85
767.5,0.85
768,0.85
768.5,0.85
769,0.85
769.5,0.85
770,0.85
770.5,0.85
771,0.85
771.5,0.85
772,0.85
772.5,0.85
773,0.85
773.5,0.85
774,0.85
774.5,0.85
775,0.85
775.5,0.85
776,0.85
776.5,0.85
777,0.85
777.5,0.85
778,0.85
778.5,0.85
779,0.85
779.5,0.85
780,0.85
780.5,0.85
781,0.85
781.5,0.85
782,0.85
782.5,0.85
783,0.85
783.5,0.85
784,0.85
784.5,0.85
785,0.85
785.5,0.85
786,0.85
786.5,0.85
787,0.85
787.5,0.85
788,0.85
788.5,0.85
789,0.85
789.5,0.85
790,0.85
790.5,0.85
791,0.85
791.5,0.85
792,0.85
792.5,0.85
793,0.85
793.5,0.85
794,0.85
794.5,0.85
795,0.85
795.5,0.85
796,0.85
796.5,0.85
797,0.85
797.5,0.85
798,0.85
798.5,0.85
799,0.85
799.5,0.85
800,0.85
800.5,0.85
801,0.85
801.5,0.85
802,0.85
802.5,0.85
803,0.85
803.5,0.85
804,0.85
804.5,0.85
805,0.85
805.5,0.85
806,0.85
806.5,0.85
807,0.85
807.5,0.85
808,0.85
808.5,0.85
809,0.85
809.5,0.85
810,0.85
810.5,0.85
811,0.85
811.5,0.85
812,0.85
812.5,0.85
813,0.85
813.5,0.85
814,0.85
814.5,0.85
815,0.85
815.5,0.85
816,0.85
816.5,0.85
817,0.85
817.5,0.85
818,0.85
818.5,0.85
819,0.85
819.5,0.85
820,0.85
820.5,0.85
821,0.85
821.5,0.85
822,0.85
822.5,0.85
823,0.85
823.5,0.85
824,0.85
824.5,0.85
825,0.85
825.5,0.85
826,0.85
826.5,0.85
827,0.85
827.5,0.85
828,0.85
828.5,0.85
829,0.85
829.5,0.85
830,0.85
830.5,0.85
831,0.85
831.5,0.85
832,0.85
832.5,0.85
833,0.85
833.5,0.85
834,0.85
834.5,0.85
835,0.85
835.5,0.85
836,0.85
836.5,0.85
837,0.85
837.5,0.85
838,0.85
838.5,0.85
839,0.85
839.5,0.85
840,0.85
840.5,0.85
841,0.85
841.5,0.85
842,0.85
842.5,0.85
843,0.85
843.5,0.85
844,0.85
844.5,0.85
845,0.85
845.5,0.85
846,0.85
846.5,0.85
847,0.85
847.5,0.85
848,0.85
848.5,0.85
849,0.85
849.5,0.85
850,0.85
850.5,0.85
851,0.85
851.5,0.85
852,0.85
852.5,0.85
853,0.85
853.5,0.85
854,0.85
854.5,0.85
855,0.85
855.5,0.85
856,0.85
856.5,0.85
857,0.85
857.5,0.85
858,0.85
858.5,0.85
859,0.85
859.5,0.85
860,0.85
860.5,0.85
861,0.85
861.5,0.85
862,0.85
862.5,0.85
863,0.85
863.5,0.85
864,0.85
864.5,0.85
865,0.85
865.5,0.85
866,0.85
866.5,0.85
867,0.85
867.5,0.85
868,0.85
868.5,0.85
869,0.85
869.5,0.85
870,0.85
870.5,0.85
871,0.85
871.5,0.85
872,0.85
872.5,0.85
873,0.85
873.5,0.85
874,0.85
874.5,0.85
875,0.85
875.5,0.85
876,0.85
876.5,0.85
877,0.85
877.5,0.85
878,0.85
878.5,0.85
879,0.85
879.5,0.85
880,0.85
880.5,0.85
881,0.85
881.5,0.85
882,0.85
882.5,0.85
883,0.85
883.5,0.85
884,0.85
884.5,0.85
885,0.85
885.5,0.85
886,0.85
886.5,0.85
887,0.85
887.5,0.85
888,0.85
888.5,0.85
889,0.85
889.5,0.85
890,0.85
890.5,0.85
891,0.85
891.5,0.85
892,0.85
892.5,0.85
893,0.85
893.5,0.85
894,0.85
894.5,0.85
895,0.85
895.5,0.85
896,0.85
896.5,0.85
897,0.85
897.5,0.85
898,0.85
898.5,0.85
899,0.85
899.5,0.85
900,0.85
900.5,0.85
901,0.85
901.5,0.85
902,0.85
902.5,0.85
903,0.85
903.5,0.85
904,0.85
904.5,0.85
905,0.85
905.5,0.85
906,0.85
906.5,0.85
907,0.85
907.5,0.85
908,0.85
908.5,0.85
909,0.85
909.5,0.85
910,0.85
910.5,0.85
911,0.85
911.5,0.85
912,0.85
912.5,0.85
913,0.85
913.5,0.85
914,0.85
914.5,0.85
915,0.85
915.5,0.85
916,0.85
916.5,0.85
917,0.85
917.5,0.85
918,0.85
918.5,0.85
919,0.85
919.5,0.85
920,0.85
920.5,0.85
921,0.85
921.5,0.85
922,0.85
922.5,0.85
923,0.85
923.5,0.85
924,0.85
924.5,0.85
925,0.85
925.5,0.85
926,0.85
926.5,0.85
927,0.85
927.5,0.85
928,0.85
928.5,0.85
929,0.85
929.5,0.85
930,0.85
930.5,0.85
931,0.85
931.5,0.85
932,0.85
932.5,0.85
933,0.85
933.5,0.85
934,0.85
934.5,0.85
935,0.85
935.5,0.85
936,0.85
936.5,0.85
937,0.85
937.5,0.85
938,0.85
938.5,0.85
939,0.85
939.5,0.85
940,0.85
940.5,0.85
941,0.85
941.5,0.85
942,0.85
942.5,0.85
943,0.85
943.5,0.85
944,0.85
944.5,0.85
945,0.85
945.5,0.85
946,0.85
946.5,0.85
947,0.85
947.5,0.85
948,0.85
948.5,0.85
949,0.85
949.5,0.85
950,0.85
950.5,0.85
951,0.85
951.5,0.85
952,0.85
952.5,0.85
953,0.85
953.5,0.85
954,0.85
954.5,0.85
955,0.85
955.5,0.85
956,0.85
956.5,0.85
957,0.85
957.5,0.85
958,0.85
958.5,0.85
959,0.85
959.5,0.85
960,0.85
960.5,0.85
961,0.85
961.5,0.85
962,0.85
962.5,0.85
963,0.85
963.5,0.85
964,0.85
964.5,0.85
965,0.85
965.5,0.85
966,0.85
966.5,0.85
967,0.85
967.5,0.85
968,0.85
968.5,0.85
969,0.85
969.5,0.85
970,0.85
970.5,0.85
971,0.85
971.5,0.85
972,0.85
972.5,0.85
973,0.85
973.5,0.85
974,0.85
974.5,0.85
975,0.85
975.5,0.85
976,0.85
976.5,0.85
977,0.85
977.5,0.85
978,0.85
978.5,0.85
979,0.85
979.5,0.85
980,0.85
980.5,0.85
981,0.85
981.5,0.85
982,0.85
982.5,0.85
983,0.85
983.5,0.85
984,0.85
984.5,0.85
985,0.85
985.5,0.85
986,0.85
986.5,0.85
987,0.85
987.5,0.85
988,0.85
988.5,0.85
989,0.85
989.5,0.85
990,0.85
990.5,0.85
991,0.85
991.5,0.85
992,0.85
992.5,0.85
993,0.85
993.5,0.85
994,0.85
994.5,0.85
995,0.85
995.5,0.85
996,0.85
996.5,0.85
997,0.85
997.5,0.85
998,0.85
998.5,0.85
999,0.85
999.5,0.85
1000,0.85
1000.5,0.85
1001,0.85
1001.5,0.85
1002,0.85
1002.5,0.85
1003,0.85
1003.5,0.85
1004,0.85
1004.5,0.85
1005,0.85
1005.5,0.85
1006,0.85
1006.5,0.85
1007,0.85
1007.5,0.85
1008,0.85
1008.5,0.85
1009,0.85
1009.5,0.85
1010,0.85
1010.5,0.85
1011,0.85
1011.5,0.85
1012,0.85
1012.5,0.85
1013,0.85
1013.5,0.85
1014,0.85
1014.5,0.85
1015,0.85
1015.5,0.85
1016,0.85
1016.5,0.85
1017,0.85
1017.5,0.85
1018,0.85
1018.5,0.85
1019,0.85
1019.5,0.85
1020,0.85
1020.5,0.85
1021,0.85
1021.5,0.85
1022,0.85
1022.5,0.85
1023,0.85
1023.5,0.85
1024,0.85
1024.5,0.85
1025,0.85
1025.5,0.85
1026,0.85
1026.5,0.85
1027,0.85
1027.5,0.85
1028,0.85
1028.5,0.85
1029,0.85
1029.5,0.85
1030,0.85
1030.5,0.85
1031,0.85
1031.5,0.85
1032,0.85
1032.5,0.85
1033,0.85
1033.5,0.85
1034,0.85
1034.5,0.85
1035,0.85
1035.5,0.85
1036,0.85
1036.5,0.85
1037,0.85
1037.5,0.85
1038,0.85
1038.5,0.85
1039,0.85
1039.5,0.85
1040,0.85
1040.5,0.85
1041,0.85
1041.5,0.85
1042,0.85
1042.5,0.85
1043,0.85
1043.5,0.85
1044,0.85
1044.5,0.85
1045,0.85
1045.5,0.85
1046,0.85
1046.5,0.85
1047,0.85
1047.5,0.85
1048,0.85
1048.5,0.85
1049,0.85
1049.5,0.85
1050,0.85
1050.5,0.85
1051,0.85
1051.5,0.85
1052,0.85
1052.5,0.85
1053,0.85
1053.5,0.85
1054,0.85
1054.5,0.85
1055,0.85
1055.5,0.85
1056,0.85
1056.5,0.85
1057,0.85
1057.5,0.85
1058,0.85
1058.5,0.85
1059,0.85
1059.5,0.85
1060,0.85
1060.5,0.85
1061,0.85
1061.5,0.85
1062,0.85
1062.5,0.85
1063,0.85
1063.5,0.85
1064,0.85
1064.5,0.85
1065,0.85
1065.5,0.85
1066,0.85
1066.5,0.85
1067,0.85
1067.5,0.85
1068,0.85
1068.5,0.85
1069,0.85
1069.5,0.85
1070,0.85
1070.5,0.85
1071,0.85
1071.5,0.85
1072,0.85
1072.5,0.85
1073,0.85
1073.5,0.85
1074,0.85
1074.5,0.85
1075,0.85
1075.5,0.85
1076,0.85
1076.5,0.85
1077,0.85
1077.5,0.85
1078,0.85
1078.5,0.85
1079,0.85
1079.5,0.85
1080,0.85
1080.5,0.85
1081,0.85
1081.5,0.85
1082,0.85
1082.5,0.85
1083,0.85
1083.5,0.85
1084,0.85
1084.5,0.85
1085,0.85
1085.5,0.85
1086,0.85
1086.5,0.85
1087,0.85
1087.5,0.85
1088,0.85
1088.5,0.85
1089,0.85
1089.5,0.85
1090,0.85
1090.5,0.85
1091,0.85
1091.5,0.85
1092,0.85
1092.5,0.85
1093,0.85
1093.5,0.85
1094,0.85
1094.5,0.85
1095,0.85
1095.5,0.85
1096,0.85
1096.5,0.85
1097,0.85
1097.5,0.85
1098,0.85
1098.5,0.85
1099,0.85
1099.5,0.85
1100,0.85
1100.5,0.85
1101,0.85
1101.5,0.85
1102,0.85
1102.5,0.85
1103,0.85
1103.5,0.85
1104,0.85
1104.5,0.85
1105,0.85
1105.5,0.85
1106,0.85
1106.5,0.85
1107,0.85
1107.5,0.85
1108,0.85
1108.5,0.85
1109,0.85
1109.5,0.85
1110,0.85
1110.5,0.85
1111,0.85
1111.5,0.85
1112,0.85
1112.5,0.85
1113,0.85
1113.5,0.85
1114,0.85
1114.5,0.85
1115,0.85
1115.5,0.85
1116,0.85
1116.5,0.85
1117,0.85
1117.5,0.85
1118,0.85
1118.5,0.85
1119,0.85
1119.5,0.85
1120,0.85
1120.5,0.85
1121,0.85
1121.5,0.85
1122,0.85
1122.5,0.85
1123,0.85
1123.5,0.85
1124,0.85
1124.5,0.85
1125,0.85
1125.5,0.85
1126,0.85
1126.5,0.85
1127,0.85
1127.5,0.85
1128,0.85
1128.5,0.85
1129,0.85
1129.5,0.85
1130,0.85
1130.5,0.85
1131,0.85
1131.5,0.85
1132,0.85
1132.5,0.85
1133,0.85
1133.5,0.85
1134,0.85
1134.5,0.85
1135,0.85
1135.5,0.85
1136,0.85
1136.5,0.85
1137,0.85
1137.5,0.85
1138,0.85
1138.5,0.85
1139,0.85
1139.5,0.85
1140,0.85
1140.5,0.85
1141,0.85
1141.5,0.85
1142,0.85
1142.5,0.85
1143,0.85
1143.5,0.85
1144,0.85
1144.5,0.85
1145,0.85
1145.5,0.85
1146,0.85
1146.5,0.85
1147,0.85
1147.5,0.85
1148,0.85
1148.5,0.85
1149,0.85
1149.5,0.85
1150,0.85
1150.5,0.85
1151,0.85
1151.5,0.85
1152,0.85
1152.5,0.85
1153,0.85
1153.5,0.85
1154,0.85
1154.5,0.85
1155,0.85
1155.5,0.85
1156,0.85
1156.5,0.85
1157,0.85
1157.5,0.85
1158,0.85
1158.5,0.85
1159,0.85
1159.5,0.85
1160,0.85
1160.5,0.85
1161,0.85
1161.5,0.85
1162,0.85
1162.5,0.85
1163,0.85
1163.5,0.85
1164,0.85
1164.5,0.85
1165,0.85
1165.5,0.85
1166,0.85
1166.5,0.85
1167,0.85
1167.5,0.85
1168,0.85
1168.5,0.85
1169,0.85
1169.5,0.85
1170,0.85
1170.5,0.85
1171,0.85
1171.5,0.85
1172,0.85
1172.5,0.85
1173,0.85
1173.5,0.85
1174,0.85
1174.5,0.85
1175,0.85
1175.5,0.85
1176,0.85
1176.5,0.85
1177,0.85
1177.5,0.85
1178,0.85
1178.5,0.85
1179,0.85
1179.5,0.85
1180,0.85
1180.5,0.85
1181,0.85
1181.5,0.85
1182,0.85
1182.5,0.85
1183,0.85
1183.5,0.85
1184,0.85
1184.5,0.85
1185,0.85
1185.5,0.85
1186,0.85
1186.5,0.85
1187,0.85
1187.5,0.85
1188,0.85
1188.5,0.85
1189,0.85
1189.5,0.85
1190,0.85
1190.5,0.85
1191,0.85
1191.5,0.85
1192,0.85
1192.5,0.85
1193,0.85
1193.5,0.85
1194,0.85
1194.5,0.85
1195,0.85
1195.5,0.85
1196,0.85
1196.5,0.85
1197,0.85
1197.5,0.85
1198,0.85
1198.5,0.85
1199,0.85
1199.5,0.85
1200,0.85
1200.5,0.85
1201,0.84
1201.5,0.84
1202,0.83
1202.5,0.83
1203,0.82
1203.5,0.82
1204,0.81
1204.5,0.81
1205,0.8
1205.5,0.8
1206,0.79
1206.5,0.79
1207,0.79
1207.5,0.78
1208,0.78
1208.5,0.77
1209,0.77
1209.5,0.76
1210,0.76
1210.5,0.75
1211,0.75
1211.5,0.74
1212,0.74
1212.5,0.73
1213,0.73
1213.5,0.73
1214,0.72
1214.5,0.72
1215,0.71
1215.5,0.71
1216,0.7
1216.5,0.7
1217,0.69
1217.5,0.69
1218,0.68
1218.5,0.68
1219,0.68
1219.5,0.67
1220,0.67
1220.5,0.66
1221,0.66
1221.5,0.65
1222,0.65
1222.5,0.64
1223,0.64
1223.5,0.63
1224,0.63
1224.5,0.62
1225,0.62
1225.5,0.62
1226,0.61
1226.5,0.61
1227,0.6
1227.5,0.6
1228,0.59
1228.5,0.59
1229,0.58
1229.5,0.58
1230,0.57
1230.5,0.57
1231,0.56
1231.5,0.56
1232,0.56
1232.5,0.55
1233,0.55
1233.5,0.54
1234,0.54
1234.5,0.53
1235,0.53
1235.5,0.52
1236,0.52
1236.5,0.51
1237,0.51
1237.5,0.5
1238,0.5
1238.5,0.5
1239,0.49
1239.5,0.49
1240,0.48
1240.5,0.49
1241,0.5
1241.5,0.51
1242,0.52
1242.5,0.53
1243,0.54
1243.5,0.55
1244,0.56
1244.5,0.57
1245,0.58
1245.5,0.59
1246,0.6
1246.5,0.61
1247,0.62
1247.5,0.63
1248,0.64
1248.5,0.65
1249,0.66
1249.5,0.67
1250,0.68
1250.5,0.69
1251,0.7
1251.5,0.71
1252,0.72
1252.5,0.72
1253,0.71
1253.5,0.7
1254,0.69
1254.5,0.68
1255,0.67
1255.5,0.66
1256,0.66
1256.5,0.65
1257,0.65
1257.5,0.64
1258,0.64
1258.5,0.64
1259,0.63
1259.5,0.63
1260,0.62
1260.5,0.62
1261,0.61
1261.5,0.61
1262,0.6
1262.5,0.6
1263,0.59
1263.5,0.59
1264,0.58
1264.5,0.58
1265,0.58
1265.5,0.57
1266,0.57
1266.5,0.56
1267,0.56
1267.5,0.55
1268,0.55
1268.5,0.54
1269,0.54
1269.5,0.53
1270,0.53
1270.5,0.53
1271,0.52
1271.5,0.52
1272,0.51
1272.5,0.51
1273,0.5
1273.5,0.5
1274,0.49
1274.5,0.49
1275,0.48
1275.5,0.48
1276,0.47
1276.5,0.47
1277,0.47
1277.5,0.46
1278,0.46
1278.5,0.45
1279,0.45
1279.5,0.44
1280,0.44
1280.5,0.44
1281,0.43
1281.5,0.43
1282,0.43
1282.5,0.43
1283,0.43
1283.5,0.42
1284,0.42
1284.5,0.42
1285,0.42
1285.5,0.41
1286,0.41
1286.5,0.41
1287,0.41
1287.5,0.4
1288,0.4
1288.5,0.4
1289,0.4
1289.5,0.4
1290,0.39
1290.5,0.39
1291,0.39
1291.5,0.39
1292,0.38
1292.5,0.38
1293,0.38
1293.5,0.38
1294,0.37
1294.5,0.37
1295,0.37
1295.5,0.37
1296,0.37
1296.5,0.36
1297,0.36
1297.5,0.36
1298,0.36
1298.5,0.35
1299,0.35
1299.5,0.35
1300,0.35
1300.5,0.35
1301,0.34
1301.5,0.34
1302,0.34
1302.5,0.34
1303,0.33
1303.5,0.33
1304,0.33
1304.5,0.32
1305,0.31
1305.5,0.3
1306,0.29
1306.5,0.27
1307,0.26
1307.5,0.25
1308,0.24
1308.5,0.23
1309,0.22
1309.5,0.21
1310,0.2
1310.5,0.19
1311,0.18
1311.5,0.17
1312,0.16
1312.5,0.15
1313,0.14
1313.5,0.13
1314,0.12
1314.5,0.11
1315,0.1
1315.5,0.09
1316,0.08
1316.5,0.07
1317,0.06
1317.5,0.05
1318,0.04
1318.5,0.03
1319,0.02
1319.5,0.01
1320,0